id;command_name;desc_command
1;strategic Movies plug-and-play;Tasty Wooden Chicken e-business Dynamic
2;utilize artificial intelligence white;Ridges
3;Checking Account;transmitter ivory
4;Salad microchip;Outdoors Bedfordshire
5;success Wooden;Bedfordshire
6;Metical withdrawal mint green;Palestinian Territory Director
7;revolutionary;Cedi Designer
8;24/365 Money Market Account deposit;Drives Practical
9;info-mediaries redundant;emulation Investment Account Nevada
10;web-enabled protocol lavender;Arizona Suriname quantifying
